1,4377877.500,438961.319,18.162
2,4377877.494,438961.408,18.132
3,4377877.463,438961.656,18.125
4,4377877.328,438962.621,18.168
5,4377876.746,438963.502,18.149
6,4377876.621,438964.608,18.116
7,4377877.137,438965.585,18.116
8,4377877.581,438966.518,18.102
9,4377877.513,438967.284,18.048
10,4377876.663,438967.648,18.059
11,4377875.623,438968.116,18.096
12,4377874.922,438969.212,18.183
13,4377874.515,438970.536,18.086
14,4377874.223,438971.932,18.059
15,4377874.012,438973.356,18.028
16,4377873.754,438974.766,17.977
17,4377873.529,438976.173,17.976
18,4377873.276,438977.496,18.056
19,4377873.279,438978.774,18.051
20,4377873.989,438979.573,18.007
21,4377874.575,438981.054,17.961
22,4377874.497,438982.165,17.989
23,4377874.700,438983.196,17.999
24,4377875.153,438984.000,17.989
25,4377875.172,438984.938,17.986
26,4377874.789,438985.917,17.963
27,4377874.363,438986.945,18.016
28,4377873.982,438988.131,17.978
29,4377873.561,438989.342,18.002
30,4377873.070,438990.554,17.969
31,4377872.629,438991.874,17.952
32,4377872.308,438993.087,18.009
33,4377872.007,438994.368,17.962
34,4377871.551,438995.598,17.927
35,4377871.315,438996.883,17.921
36,4377871.762,438997.928,17.989
37,4377872.448,438998.915,17.984
38,4377872.778,438999.978,18.024
39,4377872.563,439001.074,18.055
40,4377871.904,439002.319,18.074
41,4377871.238,439003.464,18.053
42,4377870.572,439004.651,18.005
43,4377869.976,439005.874,17.986
44,4377869.540,439007.085,17.978
45,4377869.084,439008.375,18.020
46,4377868.445,439011.009,18.006
47,4377868.228,439012.414,17.977
48,4377868.038,439013.672,17.992
49,4377867.729,439014.896,17.943
50,4377867.409,439016.189,17.950
51,4377867.429,439017.498,17.935
52,4377868.017,439018.550,18.046
53,4377868.950,439018.908,18.048
54,4377870.193,439019.051,18.031
55,4377871.471,439019.078,18.003
56,4377872.757,439019.141,17.938
57,4377873.904,439019.179,17.971
58,4377874.523,439019.578,17.964
59,4377875.038,439020.348,18.000
60,4377875.843,439020.969,18.021
61,4377876.989,439021.262,18.039
62,4377878.092,439021.501,18.019
63,4377878.998,439021.827,18.029
64,4377879.442,439022.465,18.034
65,4377879.286,439023.352,17.986
66,4377878.954,439024.462,17.997
67,4377878.670,439025.637,17.987
68,4377878.633,439026.831,18.005
69,4377878.720,439027.927,18.069
70,4377878.365,439030.328,17.985
71,4377878.379,439031.487,18.066
72,4377878.396,439032.506,18.092
73,4377878.287,439033.404,18.088
74,4377878.149,439034.307,18.070
75,4377878.312,439035.605,17.989
76,4377878.260,439036.562,18.017
77,4377878.294,439037.363,18.041
78,4377878.834,439038.344,18.023
79,4377879.581,439039.165,18.029
80,4377880.043,439039.962,17.991
81,4377880.127,439040.951,18.007
82,4377880.128,439041.916,17.958
83,4377880.205,439043.122,17.920
84,4377880.651,439044.120,17.933
85,4377880.998,439045.090,17.926
86,4377881.159,439045.982,17.949
87,4377881.273,439047.164,17.997
88,4377881.211,439048.370,17.897
89,4377880.857,439049.607,17.970
90,4377880.583,439050.887,17.960
91,4377880.344,439052.222,17.896
92,4377880.243,439053.461,17.900
93,4377880.434,439054.663,17.887
94,4377880.795,439057.166,17.876
95,4377880.891,439058.329,17.855
96,4377880.869,439059.522,17.888
97,4377880.808,439060.761,17.839
98,4377880.646,439062.058,17.807
99,4377880.285,439063.412,17.821
100,4377880.155,439064.562,17.895
101,4377880.145,439065.871,17.872
102,4377879.969,439067.076,17.797
103,4377879.817,439068.339,17.854
104,4377879.635,439069.614,17.901
105,4377879.501,439070.900,17.913
106,4377879.241,439072.138,17.936
107,4377879.139,439073.451,17.943
108,4377879.048,439074.732,17.909
109,4377878.834,439075.977,17.923
110,4377878.685,439077.243,17.817
111,4377878.597,439078.567,17.850
112,4377878.544,439079.891,17.892
113,4377878.362,439081.236,17.918
114,4377878.273,439082.492,17.914
115,4377878.136,439083.872,17.918
116,4377878.040,439085.342,17.908
117,4377877.897,439086.666,17.928
118,4377877.823,439087.947,17.856
119,4377877.670,439090.515,17.853
120,4377877.674,439091.752,17.933
121,4377877.663,439093.006,17.785
122,4377877.586,439094.220,17.799
123,4377877.583,439095.432,17.838
124,4377877.544,439096.719,17.808
125,4377877.407,439097.788,17.851
126,4377877.507,439099.023,17.861
127,4377877.581,439100.233,17.930
128,4377877.654,439101.500,17.942
129,4377877.817,439102.723,17.898
130,4377877.859,439103.902,17.846
131,4377877.738,439105.172,17.925
132,4377877.608,439106.402,17.959
133,4377877.340,439107.761,17.964
134,4377877.267,439109.039,17.927
135,4377877.181,439110.251,17.903
136,4377877.058,439111.410,17.875
137,4377876.892,439112.747,17.908
138,4377876.751,439113.949,17.978
139,4377876.627,439115.301,17.919
140,4377876.562,439116.642,17.990
141,4377876.597,439117.889,17.787
142,4377876.709,439119.191,17.841
143,4377876.853,439120.315,17.700
144,4377876.827,439121.647,17.927
145,4377876.906,439122.956,17.825
146,4377876.970,439124.212,17.817
147,4377876.875,439125.391,17.797
148,4377876.653,439126.526,17.783
149,4377876.505,439127.756,17.942
150,4377876.500,439128.877,17.941
151,4377876.502,439130.116,17.862
152,4377876.526,439131.314,17.918
153,4377876.550,439132.569,17.954
154,4377876.534,439133.955,17.895
155,4377876.470,439135.256,17.872
156,4377876.454,439136.584,17.842
157,4377876.578,439137.818,17.953
158,4377876.641,439139.122,17.954
159,4377876.603,439140.443,17.941
160,4377876.445,439141.722,17.932
161,4377876.300,439143.102,17.937
162,4377876.408,439144.477,17.931
163,4377876.501,439145.661,17.941
164,4377876.485,439146.796,17.982
165,4377876.482,439147.984,17.998
166,4377876.457,439149.206,18.022
167,4377876.465,439150.517,18.018
168,4377876.485,439151.735,18.058
169,4377876.513,439152.785,18.040
170,4377876.509,439154.120,18.109
171,4377876.593,439155.371,18.087
172,4377876.653,439156.589,18.016
173,4377876.467,439157.650,18.012
174,4377875.809,439158.073,17.973
175,4377874.773,439158.273,18.020
176,4377873.669,439158.505,18.044
177,4377872.575,439158.961,18.012
178,4377871.631,439159.532,18.026
179,4377871.007,439160.445,18.030
180,4377870.657,439161.225,18.030
181,4377869.917,439161.829,18.043
182,4377869.089,439162.115,18.104
183,4377867.951,439162.220,18.018
184,4377866.679,439162.376,17.995
185,4377865.290,439162.493,17.996
186,4377864.111,439162.550,17.965
187,4377862.946,439162.651,18.042
188,4377861.787,439162.711,18.100
189,4377860.672,439162.586,18.062
190,4377859.456,439162.563,17.959
191,4377858.272,439162.629,18.094
192,4377857.120,439162.579,18.090
193,4377855.910,439162.610,18.074
194,4377854.877,439162.651,18.113
195,4377853.716,439162.727,18.073
196,4377852.551,439162.685,18.072
197,4377851.340,439162.645,18.124
198,4377850.064,439162.672,18.088
199,4377849.007,439162.497,18.060
200,4377847.888,439162.531,18.011
201,4377846.557,439162.663,17.961
202,4377845.316,439162.606,17.954
203,4377844.190,439162.414,18.053
204,4377843.272,439162.376,18.063
205,4377842.164,439162.303,18.024
206,4377840.995,439162.245,18.030
207,4377839.763,439162.160,18.045
208,4377838.693,439162.007,18.010
209,4377837.589,439161.870,18.015
210,4377836.472,439161.742,18.045
211,4377835.345,439161.563,17.983
212,4377834.205,439161.650,18.006
213,4377833.007,439161.483,18.153
214,4377831.798,439161.440,18.233
215,4377830.507,439161.370,18.191
216,4377829.316,439161.168,18.186
217,4377828.108,439161.008,18.120
218,4377826.954,439160.938,18.115
219,4377825.696,439160.962,18.105
220,4377824.299,439160.899,18.077
221,4377822.992,439160.885,18.155
222,4377821.784,439160.889,18.162
223,4377820.489,439160.860,18.116
224,4377819.167,439160.814,18.090
225,4377817.871,439160.687,18.122
226,4377816.575,439160.563,18.110
227,4377815.297,439160.589,18.084
228,4377814.019,439160.558,18.054
229,4377812.627,439160.458,18.073
230,4377811.510,439160.364,18.060
231,4377808.855,439160.641,18.112
232,4377808.855,439160.641,18.112
233,4377806.308,439160.448,18.091
234,4377804.911,439160.434,18.113
235,4377804.911,439160.434,18.113
236,4377802.116,439160.309,17.973
237,4377800.986,439160.305,18.020
238,4377799.738,439160.104,18.005
239,4377799.738,439160.104,18.005
240,4377798.437,439160.004,18.053
241,4377795.982,439159.897,18.021
242,4377794.832,439159.758,18.051
243,4377794.832,439159.758,18.051
244,4377792.556,439159.533,18.056
245,4377791.623,439159.315,18.098
246,4377790.773,439159.018,18.014
247,4377789.652,439158.882,18.050
248,4377788.497,439158.840,18.006
249,4377787.119,439158.790,17.890
250,4377786.153,439158.843,17.985
251,4377786.153,439158.843,17.985
252,4377784.042,439159.285,18.053
253,4377782.815,439159.394,18.006
254,4377781.552,439159.348,17.986
255,4377780.348,439159.328,17.983
256,4377779.241,439159.326,18.025
257,4377778.009,439159.284,17.967
258,4377776.803,439159.183,17.995
259,4377775.533,439159.097,17.978
260,4377774.263,439159.162,17.993
261,4377773.022,439159.009,18.126
262,4377772.004,439158.710,18.054
263,4377770.878,439158.414,18.090
264,4377769.769,439158.440,18.027
265,4377768.537,439158.473,18.111
266,4377767.268,439158.524,18.145
267,4377766.051,439158.456,18.099
268,4377764.846,439158.371,18.083
269,4377785.599,439159.228,18.143
270,4377785.258,439159.176,18.102
271,4377784.430,439159.084,18.096
272,4377783.169,439159.051,18.019
273,4377781.921,439159.040,18.051
274,4377780.626,439158.891,18.123
275,4377779.305,439158.806,18.093
276,4377778.027,439158.729,18.050
277,4377776.775,439158.607,18.026
278,4377775.389,439158.700,18.043
279,4377774.028,439158.689,18.084
280,4377772.669,439158.628,18.061
281,4377771.478,439158.610,18.060
282,4377770.225,439158.524,18.061
283,4377768.850,439158.466,18.036
284,4377767.490,439158.476,18.047
285,4377766.273,439158.496,18.099
286,4377765.037,439158.399,18.029
287,4377763.865,439158.234,18.028
288,4377762.472,439158.142,17.995
289,4377761.208,439158.109,18.007
290,4377758.754,439158.034,18.084
291,4377757.531,439157.872,18.054
292,4377756.259,439157.874,17.988
293,4377754.890,439157.786,18.043
294,4377753.623,439157.741,18.042
295,4377752.488,439157.600,17.991
296,4377751.248,439157.567,17.975
297,4377750.053,439157.527,18.060
298,4377748.932,439157.437,18.106
299,4377747.815,439157.430,18.043
300,4377746.664,439157.438,18.095
301,4377745.513,439157.514,18.074
302,4377744.540,439157.426,18.125
303,4377743.490,439157.159,18.044
304,4377742.312,439156.874,18.016
305,4377740.968,439156.886,17.997
306,4377739.667,439156.919,17.985
307,4377738.302,439156.845,17.992
308,4377737.010,439156.726,17.994
309,4377735.707,439156.675,18.035
310,4377734.472,439156.583,18.051
311,4377733.268,439156.481,18.010
312,4377732.103,439156.499,18.003
313,4377730.745,439156.439,18.010
314,4377729.528,439156.480,17.993
315,4377726.943,439156.528,17.906
316,4377725.777,439156.394,17.948
317,4377724.597,439156.340,17.994
318,4377723.406,439156.265,17.951
319,4377722.311,439156.113,17.952
320,4377721.073,439156.136,17.951
321,4377719.845,439156.207,17.874
322,4377718.631,439156.087,17.889
323,4377717.676,439155.996,17.984
324,4377716.411,439155.823,18.003
325,4377715.637,439155.677,18.016
326,4377714.817,439155.667,17.990
327,4377713.826,439155.727,17.952
328,4377712.546,439155.709,17.893
329,4377711.266,439155.426,17.959
330,4377710.091,439155.364,17.989
331,4377708.833,439155.395,17.979
332,4377707.579,439155.437,17.916
333,4377706.372,439155.350,17.908
334,4377705.125,439155.359,17.944
335,4377703.895,439155.386,17.964
336,4377702.645,439155.407,17.864
337,4377701.455,439155.394,17.914
338,4377700.238,439155.370,18.037
339,4377698.112,439154.919,17.725
340,4377695.815,439155.201,17.933
341,4377695.746,439155.161,17.922
342,4377695.598,439155.087,17.977
343,4377694.682,439155.177,17.994
344,4377693.456,439155.071,18.011
345,4377692.181,439155.004,17.993
346,4377691.034,439154.993,18.011
347,4377689.885,439154.963,18.008
348,4377688.773,439155.005,17.990
349,4377687.511,439154.990,17.981
350,4377686.259,439155.036,17.997
351,4377685.016,439154.959,18.007
352,4377683.783,439155.001,17.954
353,4377682.604,439154.930,18.009
354,4377681.466,439154.820,17.997
355,4377680.175,439154.853,18.118
356,4377678.996,439154.772,18.087
357,4377677.706,439154.710,18.027
358,4377676.534,439154.769,18.067
359,4377675.220,439154.802,18.097
360,4377673.948,439154.781,18.009
361,4377672.695,439154.739,18.027
362,4377671.430,439154.599,17.916
363,4377668.757,439154.429,17.827
364,4377667.534,439154.344,17.833
365,4377666.231,439154.102,17.856
366,4377665.021,439154.042,17.809
367,4377663.891,439153.817,17.991
368,4377662.725,439153.328,17.874
369,4377661.797,439152.699,17.854
370,4377660.784,439152.087,17.818
371,4377659.796,439151.662,17.761
372,4377658.873,439150.979,17.808
373,4377658.137,439150.051,17.881
374,4377657.700,439148.843,17.829
375,4377657.336,439147.647,17.789
376,4377657.108,439146.516,17.790
377,4377657.205,439145.203,17.826
378,4377657.247,439143.848,17.845
379,4377657.228,439142.625,17.833
380,4377657.171,439141.352,17.950
381,4377657.138,439140.069,17.883
382,4377657.150,439138.763,17.804
383,4377657.062,439137.517,17.884
384,4377656.921,439136.324,17.842
385,4377656.934,439135.093,17.841
386,4377656.873,439133.808,17.812
387,4377656.850,439131.148,17.821
388,4377656.805,439129.779,17.808
389,4377656.755,439128.498,17.749
390,4377656.698,439127.281,17.798
391,4377656.638,439125.985,17.791
392,4377656.663,439124.687,17.793
393,4377656.662,439123.448,17.728
394,4377656.596,439122.154,17.771
395,4377656.569,439120.813,17.764
396,4377656.533,439119.542,17.823
397,4377656.322,439118.317,17.795
398,4377656.188,439117.125,17.838
399,4377656.243,439116.007,17.727
400,4377656.284,439114.776,17.713
401,4377656.213,439113.499,17.723
402,4377656.207,439112.248,17.696
403,4377656.148,439110.981,17.751
404,4377655.806,439109.815,17.740
405,4377655.423,439108.844,17.732
406,4377654.955,439107.890,17.669
407,4377654.566,439106.796,17.745
408,4377654.450,439105.501,17.755
409,4377654.560,439104.397,17.714
410,4377654.927,439103.212,17.653
411,4377655.457,439102.082,17.654
412,4377655.817,439100.952,17.683
413,4377655.816,439098.804,17.711
414,4377655.733,439097.614,17.663
415,4377655.842,439096.390,17.683
416,4377656.340,439095.326,17.688
417,4377656.761,439094.360,17.695
418,4377656.975,439093.236,17.705
419,4377657.089,439092.046,17.660
420,4377657.267,439090.861,17.639
421,4377657.326,439089.908,17.814
422,4377657.398,439088.806,17.727
423,4377657.250,439087.557,17.640
424,4377657.270,439086.184,17.640
425,4377657.598,439085.128,17.691
426,4377657.958,439083.901,17.633
427,4377658.425,439082.869,17.627
428,4377658.897,439081.717,17.671
429,4377658.731,439080.683,17.646
430,4377658.324,439079.633,17.605
431,4377658.123,439078.161,17.592
432,4377658.158,439076.830,17.579
433,4377658.489,439075.614,17.634
434,4377659.267,439074.528,17.618
435,4377660.243,439073.557,17.593
436,4377660.716,439072.936,17.620
437,4377660.551,439071.967,17.583
438,4377659.766,439069.547,17.595
439,4377659.445,439068.370,17.593
440,4377659.307,439067.135,17.554
441,4377659.458,439066.054,17.584
442,4377659.549,439064.937,17.540
443,4377659.698,439063.782,17.481
444,4377660.259,439062.672,17.455
445,4377661.149,439062.161,17.457
446,4377662.190,439061.896,17.461
447,4377663.391,439061.766,17.460
448,4377664.655,439061.624,17.448
449,4377665.604,439061.291,17.505
450,4377666.638,439060.619,17.566
451,4377667.610,439060.175,17.517
452,4377668.775,439060.049,17.525
453,4377669.733,439059.913,17.529
454,4377670.939,439059.513,17.550
455,4377672.149,439059.288,17.539
456,4377673.406,439059.545,17.557
457,4377674.634,439059.812,17.506
458,4377675.795,439059.865,17.469
459,4377676.809,439059.965,17.742
460,4377678.002,439059.925,17.715
461,4377679.232,439059.598,17.707
462,4377680.420,439059.076,17.694
463,4377681.522,439058.453,17.679
464,4377682.512,439057.851,17.671
465,4377683.564,439057.043,17.630
466,4377684.476,439056.427,17.702
467,4377685.276,439055.814,17.666
468,4377686.038,439054.996,17.662
469,4377686.578,439054.012,17.725
470,4377686.819,439052.942,17.723
471,4377686.531,439051.898,17.689
472,4377685.823,439050.985,17.674
473,4377685.155,439050.118,17.687
474,4377684.830,439049.116,17.653
475,4377684.768,439047.802,17.590
476,4377684.712,439046.510,17.679
477,4377684.506,439045.242,17.679
478,4377684.222,439044.082,17.713
479,4377684.634,439043.762,17.653
480,4377685.367,439043.442,17.670
481,4377685.626,439042.690,17.792
482,4377685.579,439041.592,17.695
483,4377685.516,439040.623,17.698
484,4377685.367,439039.514,17.694
485,4377685.153,439038.220,17.685
486,4377685.110,439037.011,17.698
487,4377685.058,439035.663,17.633
488,4377684.868,439034.404,17.692
489,4377684.724,439033.070,17.670
490,4377684.708,439031.866,17.680
491,4377684.646,439030.688,17.691
492,4377684.618,439029.564,17.719
493,4377684.638,439028.323,17.700
494,4377684.487,439027.319,17.741
495,4377684.043,439025.273,17.714
496,4377684.043,439025.273,17.714
497,4377683.592,439022.852,17.741
498,4377683.592,439022.852,17.741
499,4377683.329,439020.284,17.692
500,4377683.154,439019.032,17.632
501,4377683.053,439017.919,17.752
502,4377683.092,439016.731,17.660
503,4377683.046,439015.491,17.711
504,4377683.106,439014.282,17.800
505,4377683.045,439013.045,17.736
506,4377682.967,439011.732,17.726
507,4377683.023,439010.591,17.797
508,4377683.042,439009.334,17.749
509,4377682.940,439008.192,17.765
510,4377683.122,439007.144,17.808
511,4377683.236,439005.902,17.814
512,4377683.481,439004.729,17.766
513,4377683.641,439003.604,17.815
514,4377683.933,439002.307,17.767
515,4377684.130,439001.114,17.772
516,4377684.327,438999.984,17.796
517,4377684.568,438998.775,17.726
518,4377684.639,438997.594,17.749
519,4377684.790,438996.372,17.827
520,4377684.879,438995.253,17.841
521,4377684.894,438994.146,17.840
522,4377685.058,438993.227,17.795
523,4377685.298,438991.996,17.821
524,4377685.403,438990.845,17.775
525,4377685.457,438989.776,17.784
526,4377685.378,438988.769,17.801
527,4377685.481,438987.764,17.798
528,4377685.714,438986.817,17.777
529,4377686.098,438985.521,17.765
530,4377686.335,438984.417,17.815
531,4377686.504,438983.337,17.841
532,4377686.196,438982.276,17.874
533,4377685.608,438981.519,17.820
534,4377685.074,438980.903,17.899
535,4377684.495,438980.093,17.868
536,4377684.045,438979.090,17.815
537,4377683.583,438978.158,17.863
538,4377683.310,438977.140,17.843
539,4377683.285,438976.043,17.802
540,4377683.672,438974.842,17.770
541,4377684.279,438974.038,17.802
542,4377685.069,438973.111,17.819
543,4377685.709,438972.213,17.810
544,4377686.215,438971.326,17.781
545,4377686.888,438970.462,17.787
546,4377687.634,438969.565,17.760
547,4377688.125,438968.491,17.774
548,4377688.245,438967.574,17.820
549,4377688.547,438966.396,17.812
550,4377688.588,438965.226,17.837
551,4377688.798,438964.220,17.802
552,4377688.800,438963.191,17.800
553,4377688.906,438962.011,17.768
554,4377689.199,438961.042,17.838
555,4377689.323,438960.045,17.807
556,4377689.349,438958.776,17.750
557,4377689.178,438957.478,17.837
558,4377689.266,438956.342,17.793
559,4377689.485,438955.135,17.759
560,4377689.593,438953.854,17.847
561,4377689.704,438952.731,17.815
562,4377689.636,438951.456,17.759
563,4377689.611,438950.154,17.751
564,4377689.805,438948.954,17.841
565,4377689.841,438947.785,17.804
566,4377689.936,438946.561,17.847
567,4377689.993,438945.297,17.886
568,4377690.006,438943.962,17.821
569,4377690.035,438942.691,17.770
570,4377690.155,438941.452,17.760
571,4377690.141,438940.245,17.750
572,4377689.998,438939.020,17.791
573,4377689.938,438937.861,17.831
574,4377689.981,438936.772,17.850
575,4377689.963,438935.608,17.844
576,4377689.917,438934.352,17.816
577,4377689.907,438933.115,17.877
578,4377689.952,438931.964,17.909
579,4377690.030,438930.856,17.895
580,4377690.008,438929.659,17.878
581,4377690.024,438928.427,17.900
582,4377690.061,438927.246,17.906
583,4377690.030,438926.005,17.862
584,4377689.949,438924.796,17.888
585,4377689.981,438923.558,17.934
586,4377690.194,438922.317,17.848
587,4377690.506,438921.158,17.872
588,4377690.670,438919.863,17.882
589,4377690.810,438918.657,17.928
590,4377690.756,438917.578,17.872
591,4377690.820,438916.358,17.878
592,4377690.788,438915.124,17.924
593,4377690.819,438913.830,17.919
594,4377690.882,438912.584,17.931
595,4377691.085,438911.451,17.898
596,4377691.038,438910.350,17.978
597,4377690.946,438909.280,17.970
598,4377690.503,438908.235,17.977
599,4377689.962,438907.285,17.968
600,4377689.662,438906.302,17.936
601,4377689.932,438905.152,17.972
602,4377690.066,438903.958,17.963
603,4377690.270,438902.666,17.952
604,4377690.567,438901.481,17.922
605,4377691.239,438900.537,18.220
606,4377691.743,438899.445,18.015
607,4377692.073,438898.236,17.943
608,4377692.197,438897.076,17.933
609,4377692.411,438895.892,17.926
610,4377692.795,438894.668,17.955
611,4377693.042,438893.483,17.955
612,4377693.337,438892.256,17.904
613,4377693.438,438891.160,17.939
614,4377693.464,438889.886,17.934
615,4377693.664,438888.534,17.916
616,4377693.749,438887.404,17.911
617,4377693.750,438886.211,17.920
618,4377693.481,438885.129,17.945
619,4377692.658,438884.364,17.936
620,4377691.731,438883.749,17.867
621,4377691.085,438882.836,17.878
622,4377690.555,438881.882,17.932
623,4377690.287,438880.658,17.906
624,4377690.266,438879.461,17.930
625,4377690.254,438878.328,17.912
626,4377690.242,438877.060,17.927
627,4377690.102,438875.816,17.883
628,4377690.140,438874.610,17.887
629,4377690.182,438873.483,17.948
630,4377690.317,438872.315,17.938
631,4377690.333,438871.210,17.910
632,4377690.333,438869.906,17.885
633,4377690.394,438868.665,17.930
634,4377690.399,438867.426,17.926
635,4377690.554,438866.359,17.874
636,4377691.112,438865.486,17.930
637,4377691.880,438864.686,18.009
638,4377692.422,438863.748,17.938
639,4377692.940,438862.721,17.927
640,4377693.350,438861.527,17.952
641,4377693.423,438860.253,17.952
642,4377693.530,438859.043,17.936
643,4377693.609,438857.794,17.932
644,4377693.229,438856.619,17.986
645,4377692.326,438855.894,17.971
646,4377691.334,438855.417,17.948
647,4377690.547,438854.795,17.933
648,4377689.840,438853.764,17.955
649,4377689.312,438852.745,18.002
650,4377688.681,438851.661,17.946
651,4377688.186,438850.496,17.921
652,4377687.785,438849.409,17.973
653,4377687.691,438846.937,17.910
654,4377687.691,438846.937,17.910
655,4377687.490,438844.698,17.906
656,4377687.370,438843.789,17.917
657,4377687.370,438843.789,17.917
658,4377687.267,438841.679,18.003
659,4377687.234,438840.421,18.020
660,4377687.432,438839.154,17.925
661,4377687.499,438837.945,17.871
662,4377687.388,438836.816,17.848
663,4377687.323,438835.550,17.925
664,4377687.402,438834.239,17.910
665,4377687.604,438832.897,17.884
666,4377687.601,438831.683,17.846
667,4377687.484,438830.462,17.890
668,4377687.443,438829.193,17.904
669,4377687.402,438827.952,17.887
670,4377687.340,438826.620,17.831
671,4377687.364,438825.315,18.031
672,4377687.293,438824.048,17.979
673,4377687.191,438822.876,17.944
674,4377687.181,438821.559,17.952
675,4377687.192,438820.420,18.013
676,4377687.237,438819.318,18.041
677,4377686.942,438818.074,17.978
678,4377686.343,438817.040,17.955
679,4377685.773,438815.895,17.931
680,4377685.310,438814.799,18.023
681,4377684.907,438813.570,18.010
682,4377684.503,438812.423,17.987
683,4377683.979,438811.292,17.987
684,4377683.449,438810.104,17.984
685,4377683.093,438808.868,18.014
686,4377682.836,438807.638,17.942
687,4377682.448,438806.304,17.984
688,4377682.181,438804.984,17.940
689,4377682.012,438803.691,17.943
690,4377681.842,438802.442,17.922
691,4377681.795,438801.232,17.929
692,4377682.060,438800.014,17.940
693,4377682.596,438798.914,17.972
694,4377682.931,438797.842,17.926
695,4377683.285,438796.640,17.934
696,4377683.614,438795.460,17.944
697,4377683.752,438794.269,17.959
698,4377683.776,438793.141,18.008
699,4377683.920,438791.906,17.959
700,4377684.106,438790.647,17.928
701,4377684.191,438789.389,17.955
702,4377684.243,438788.224,17.907
703,4377684.422,438786.915,17.888
704,4377684.755,438785.747,17.881
705,4377685.065,438784.580,17.887
706,4377685.164,438783.362,17.878
707,4377685.168,438782.273,17.938
708,4377684.981,438781.140,17.927
709,4377684.835,438779.959,17.878
710,4377684.721,438778.759,17.918
711,4377684.480,438777.655,17.977
712,4377684.366,438776.592,18.010
713,4377684.561,438775.685,17.993
714,4377684.278,438774.812,17.980
715,4377683.568,438774.076,17.957
716,4377682.742,438773.228,18.008
717,4377681.996,438772.300,17.993
718,4377681.730,438771.134,18.031
719,4377681.948,438770.087,18.037
720,4377682.281,438769.099,18.018
721,4377682.866,438768.015,17.985
722,4377683.474,438767.029,17.968
723,4377684.353,438766.278,17.998
724,4377685.281,438765.515,17.990
725,4377685.645,438764.687,17.974
726,4377685.591,438763.807,17.948
727,4377684.945,438763.052,18.000
728,4377683.976,438762.598,18.045
729,4377682.835,438762.254,18.088
730,4377681.511,438762.052,18.214
731,4377680.200,438761.693,18.127
732,4377679.201,438760.952,18.072
733,4377678.537,438759.763,18.070
734,4377678.207,438758.421,18.078
735,4377678.197,438757.059,18.102
736,4377678.170,438755.679,18.066
737,4377678.051,438754.400,18.059
738,4377677.960,438753.104,18.106
739,4377678.041,438751.718,18.100
740,4377678.427,438750.472,18.113
741,4377678.944,438749.376,18.032
742,4377679.457,438748.315,18.029
743,4377679.768,438747.252,18.099
744,4377679.870,438746.288,18.070
745,4377679.890,438745.110,18.055
746,4377679.561,438743.841,18.063
747,4377679.310,438742.590,18.123
748,4377679.156,438741.254,18.077
749,4377679.087,438739.906,18.095
750,4377678.923,438738.630,18.128
751,4377678.697,438737.410,18.142
752,4377678.533,438736.077,18.118
753,4377678.293,438734.743,18.106
754,4377678.284,438733.312,18.126
755,4377678.381,438732.231,18.195
756,4377678.247,438731.017,18.188
757,4377677.993,438729.494,18.190
758,4377677.980,438728.064,18.206
759,4377678.207,438726.622,18.174
760,4377678.415,438725.266,18.203
761,4377678.690,438724.050,18.221
762,4377678.946,438722.848,18.211
763,4377679.049,438721.628,18.215
764,4377678.985,438720.378,18.205
765,4377678.907,438719.088,18.166
766,4377679.019,438717.820,18.249
767,4377679.249,438716.620,18.184
768,4377679.414,438715.522,18.176
769,4377679.359,438714.376,18.179
770,4377679.185,438713.175,18.175
771,4377679.299,438711.972,18.223
772,4377680.030,438710.957,18.260
773,4377681.034,438710.376,18.253
774,4377681.775,438709.737,18.365
775,4377682.811,438709.457,18.348
776,4377683.964,438709.401,18.352
777,4377684.960,438709.470,18.361
778,4377686.143,438709.541,18.329
779,4377687.260,438709.774,18.287
780,4377688.313,438709.694,18.237
781,4377689.308,438709.537,18.257
782,4377690.431,438709.420,18.210
783,4377691.529,438709.486,18.254
784,4377692.806,438709.536,18.201
785,4377693.864,438709.505,18.248
786,4377694.585,438709.528,18.251
787,4377695.390,438709.823,18.273
788,4377695.575,438709.967,18.289
789,4377695.802,438709.933,18.311
790,4377696.417,438709.958,18.328
791,4377697.181,438709.906,18.336
792,4377698.330,438709.923,18.311
793,4377699.552,438709.833,18.289
794,4377700.706,438710.030,18.298
795,4377701.795,438710.313,18.353
796,4377702.884,438710.358,18.371
797,4377705.044,438710.225,18.343
798,4377705.044,438710.225,18.343
799,4377706.072,438710.088,18.368
800,4377707.082,438710.249,18.390
801,4377707.915,438710.151,18.373
802,4377709.669,438710.379,18.328
803,4377709.669,438710.379,18.328
804,4377711.827,438710.350,18.225
805,4377712.895,438710.442,18.322
806,4377713.967,438710.490,18.257
807,4377714.944,438710.623,18.257
808,4377716.005,438710.889,18.181
809,4377717.138,438710.907,18.260
810,4377718.241,438711.009,18.277
811,4377719.426,438711.010,18.210
812,4377720.484,438711.038,18.281
813,4377721.621,438711.064,18.223
814,4377722.600,438711.043,18.290
815,4377723.628,438710.923,18.251
816,4377724.732,438710.911,18.200
817,4377725.642,438710.648,18.232
818,4377726.576,438710.489,18.351
819,4377727.486,438710.433,18.266
820,4377728.441,438710.338,18.305
821,4377729.399,438710.278,18.284
822,4377730.119,438710.183,18.171
823,4377730.959,438710.260,18.173
824,4377731.828,438710.224,18.216
825,4377732.889,438710.368,18.217
826,4377733.884,438710.485,18.192
827,4377734.961,438710.496,18.179
828,4377736.051,438710.532,18.180
829,4377736.937,438710.737,18.188
830,4377737.830,438710.574,18.206
831,4377738.734,438710.595,18.165
832,4377739.651,438710.682,18.195
833,4377740.868,438710.818,18.118
834,4377741.970,438710.945,18.156
835,4377742.936,438711.071,18.142
836,4377743.792,438711.084,18.138
837,4377744.800,438710.998,18.130
838,4377745.789,438711.036,18.052
839,4377746.728,438711.009,18.088
840,4377747.733,438710.953,18.053
841,4377748.887,438710.956,18.111
842,4377749.982,438711.127,18.098
843,4377751.132,438711.113,18.071
844,4377752.201,438711.029,18.122
845,4377753.286,438711.031,18.222
846,4377754.333,438710.798,18.381
847,4377755.361,438710.867,18.138
848,4377756.261,438711.040,18.148
849,4377757.217,438710.987,18.108
850,4377758.071,438710.941,18.161
851,4377758.692,438711.039,18.115
852,4377759.257,438710.911,18.121
853,4377760.045,438710.854,18.101
854,4377760.904,438710.762,18.138
855,4377761.930,438710.787,18.085
856,4377763.072,438710.790,18.151
857,4377764.317,438710.780,18.096
858,4377765.484,438710.759,18.113
859,4377766.537,438710.713,18.137
860,4377767.453,438710.568,18.180
861,4377768.293,438710.863,18.090
862,4377769.277,438710.930,18.142
863,4377770.335,438710.881,18.078
864,4377771.367,438710.912,18.120
865,4377772.543,438710.859,18.306
866,4377773.680,438710.670,18.424
867,4377774.546,438710.773,18.192
868,4377775.503,438710.766,18.132
869,4377776.553,438710.731,18.175
870,4377777.668,438710.583,18.249
871,4377778.855,438710.519,18.366
872,4377779.590,438710.735,18.209
873,4377780.564,438710.501,18.160
874,4377781.632,438710.381,18.160
875,4377782.618,438710.398,18.215
876,4377783.580,438710.467,18.223
877,4377784.509,438710.298,18.256
878,4377785.560,438710.213,18.348
879,4377786.527,438710.342,18.122
880,4377787.607,438710.247,18.193
881,4377788.729,438710.323,18.082
882,4377789.686,438710.256,18.153
883,4377790.605,438710.021,18.162
884,4377791.730,438710.177,18.112
885,4377792.717,438710.094,18.121
886,4377793.603,438710.063,18.107
887,4377794.551,438710.129,18.127
888,4377795.525,438710.334,18.104
889,4377796.679,438710.266,18.079
890,4377797.703,438710.325,18.087
891,4377798.807,438710.193,18.111
892,4377799.749,438710.199,18.094
893,4377800.662,438710.128,18.120
894,4377801.651,438710.119,18.123
895,4377802.400,438710.178,18.148
896,4377803.027,438710.051,18.177
897,4377803.529,438710.177,18.151
898,4377804.209,438709.981,18.181
899,4377805.086,438710.138,18.096
900,4377805.938,438710.348,18.149
901,4377806.756,438710.213,18.157
902,4377807.792,438710.223,18.118
903,4377808.753,438710.144,18.134
904,4377809.653,438710.000,18.119
905,4377810.476,438709.837,18.206
906,4377811.186,438710.018,18.192
907,4377812.113,438710.221,18.123
908,4377813.064,438710.239,18.182
909,4377814.228,438710.286,18.131
910,4377815.308,438710.296,18.124
911,4377816.440,438710.391,18.158
912,4377817.789,438710.535,18.128
913,4377819.112,438710.452,18.106
914,4377820.038,438710.271,18.151
915,4377821.147,438710.346,18.161
916,4377822.286,438710.372,18.095
917,4377823.463,438710.298,18.141
918,4377824.755,438710.156,18.132
919,4377826.039,438710.084,18.138
920,4377827.161,438710.070,18.071
921,4377828.416,438710.069,18.148
922,4377829.486,438710.072,18.179
923,4377830.626,438710.024,18.126
924,4377831.842,438709.938,18.160
925,4377833.153,438710.090,18.145
926,4377834.231,438710.226,18.130
927,4377835.359,438710.296,18.133
928,4377836.497,438710.346,18.132
929,4377837.657,438710.580,18.089
930,4377838.926,438710.646,18.130
931,4377840.224,438710.593,18.073
932,4377841.591,438710.520,18.074
933,4377842.757,438710.473,18.118
934,4377843.852,438710.403,18.146
935,4377844.933,438710.495,18.108
936,4377846.233,438710.472,18.065
937,4377847.308,438710.462,18.102
938,4377848.228,438710.543,18.109
939,4377849.093,438710.681,18.099
940,4377850.172,438710.565,18.060
941,4377851.049,438710.318,18.141
942,4377851.859,438710.121,18.196
943,4377852.709,438710.338,18.068
944,4377853.735,438710.648,18.072
945,4377854.500,438710.514,18.134
946,4377855.319,438710.490,18.077
947,4377856.388,438710.501,18.045
948,4377858.152,438710.440,18.156
949,4377858.152,438710.440,18.156
950,4377860.019,438710.462,18.088
951,4377860.019,438710.462,18.088
952,4377861.027,438710.345,18.086
953,4377863.003,438710.359,18.050
954,4377863.003,438710.359,18.050
955,4377864.927,438709.913,18.134
956,4377865.815,438710.090,18.160
957,4377865.815,438710.090,18.160
958,4377867.310,438710.081,18.107
959,4377867.310,438710.081,18.107
960,4377868.983,438710.170,18.135
961,4377869.972,438710.213,18.103
962,4377870.933,438710.291,18.065
963,4377871.618,438710.403,18.098
964,4377872.597,438710.311,18.048
965,4377873.549,438710.272,18.131
966,4377874.588,438710.166,18.108
967,4377875.535,438710.067,18.121
968,4377876.737,438709.883,18.027
969,4377877.715,438709.835,18.071
970,4377878.723,438709.767,18.146
971,4377879.835,438709.733,18.087
972,4377880.934,438709.711,18.104
973,4377881.919,438709.821,18.049
974,4377883.028,438709.839,18.082
975,4377884.198,438709.841,18.071
976,4377885.211,438709.670,18.121
977,4377886.372,438709.684,18.108
978,4377887.475,438709.601,18.110
979,4377888.814,438709.487,18.089
980,4377890.198,438709.359,18.078
981,4377891.418,438709.254,18.099
982,4377892.607,438709.227,18.091
983,4377893.822,438709.073,18.066
984,4377894.943,438708.935,18.150
985,4377895.710,438709.088,18.077
986,4377896.015,438709.760,18.067
987,4377896.109,438710.756,18.075
988,4377896.349,438711.954,18.102
989,4377896.677,438712.870,18.098
990,4377897.322,438713.724,18.093
991,4377898.016,438714.569,18.029
992,4377898.501,438715.300,18.070
993,4377898.513,438716.265,18.000
994,4377898.025,438717.358,18.018
995,4377897.289,438718.382,18.067
996,4377896.628,438719.443,18.072
997,4377896.155,438720.715,18.036
998,4377895.914,438722.082,18.075
999,4377895.829,438723.341,18.068
1000,4377895.620,438724.596,17.990
1001,4377895.467,438726.002,17.969
1002,4377895.435,438727.425,17.985
1003,4377895.369,438728.676,17.972
1004,4377895.306,438729.947,18.048
1005,4377895.241,438731.262,17.927
1006,4377895.164,438732.632,17.970
1007,4377895.134,438733.827,18.008
1008,4377895.051,438735.174,18.032
1009,4377894.971,438736.438,18.011
1010,4377894.915,438737.631,18.022
1011,4377894.954,438738.930,18.039
1012,4377895.191,438740.234,17.987
1013,4377895.275,438741.454,17.985
1014,4377895.282,438742.654,17.995
1015,4377895.197,438743.913,17.964
1016,4377895.146,438745.225,18.045
1017,4377895.020,438746.512,17.991
1018,4377894.945,438747.868,18.036
1019,4377895.029,438749.198,18.096
1020,4377894.991,438750.492,18.083
1021,4377894.730,438751.570,18.099
1022,4377894.418,438752.646,18.052
1023,4377894.135,438753.853,18.106
1024,4377893.903,438755.021,18.117
1025,4377893.669,438756.129,18.128
1026,4377893.458,438757.420,18.162
1027,4377893.372,438758.595,18.187
1028,4377893.233,438759.621,18.231
1029,4377893.292,438760.733,18.193
1030,4377893.575,438761.830,18.297
1031,4377893.974,438762.898,18.285
1032,4377894.279,438764.313,18.214
1033,4377893.977,438765.459,18.191
1034,4377893.548,438766.549,18.103
1035,4377893.166,438767.800,18.182
1036,4377893.038,438769.038,18.114
1037,4377892.942,438770.084,18.055
1038,4377893.206,438771.209,18.114
1039,4377893.321,438772.271,18.107
1040,4377893.264,438773.440,18.069
1041,4377893.079,438774.546,18.117
1042,4377892.838,438775.730,18.104
1043,4377892.872,438776.879,18.176
1044,4377893.229,438778.004,18.148
1045,4377893.436,438779.272,18.070
1046,4377893.359,438780.441,18.123
1047,4377893.247,438781.688,18.167
1048,4377893.211,438782.968,18.171
1049,4377893.235,438784.254,18.119
1050,4377893.355,438785.512,18.149
1051,4377893.437,438786.788,18.151
1052,4377893.468,438788.004,18.151
1053,4377893.490,438789.281,18.149
1054,4377893.413,438790.533,18.171
1055,4377893.489,438791.813,18.189
1056,4377893.408,438793.077,18.138
1057,4377893.412,438794.282,18.133
1058,4377893.266,438795.550,18.215
1059,4377893.092,438796.739,18.172
1060,4377893.061,438798.077,18.122
1061,4377893.058,438799.330,18.149
1062,4377892.840,438800.546,18.217
1063,4377892.491,438801.810,18.242
1064,4377892.447,438802.982,18.184
1065,4377892.688,438804.191,18.194
1066,4377892.436,438805.494,18.247
1067,4377892.113,438806.718,18.144
1068,4377891.732,438807.798,18.151
1069,4377891.454,438809.017,18.166
1070,4377891.179,438810.301,18.172
1071,4377890.865,438811.479,18.152
1072,4377890.725,438812.668,18.122
1073,4377890.545,438814.023,18.165
1074,4377890.332,438815.359,18.158
1075,4377889.967,438816.685,18.183
1076,4377889.788,438817.923,18.110
1077,4377889.743,438819.107,18.143
1078,4377889.877,438820.340,18.178
1079,4377890.044,438821.615,18.220
1080,4377890.441,438822.849,18.180
1081,4377890.781,438824.001,18.125
1082,4377891.208,438825.097,18.157
1083,4377891.578,438826.478,18.175
1084,4377891.722,438827.709,18.159
1085,4377891.617,438828.946,18.201
1086,4377891.492,438830.182,18.166
1087,4377891.382,438831.490,18.178
1088,4377891.378,438832.776,18.121
1089,4377891.138,438834.073,18.150
1090,4377891.070,438835.438,18.071
1091,4377890.752,438836.674,18.091
1092,4377889.925,438837.534,18.087
1093,4377889.022,438838.166,18.074
1094,4377888.285,438838.818,18.075
1095,4377887.660,438839.740,18.075
1096,4377887.307,438840.722,18.123
1097,4377886.962,438841.839,18.150
1098,4377887.004,438843.082,18.087
1099,4377887.097,438844.335,18.097
1100,4377887.448,438845.400,18.059
1101,4377888.167,438846.323,18.074
1102,4377888.976,438847.348,18.107
1103,4377889.401,438848.535,18.038
1104,4377889.618,438849.769,18.076
1105,4377889.779,438851.022,18.115
1106,4377889.805,438852.261,18.058
1107,4377889.503,438853.396,18.032
1108,4377888.527,438855.499,18.148
1109,4377888.527,438855.499,18.148
1110,4377888.048,438856.518,18.066
1111,4377887.672,438858.725,18.112
1112,4377887.672,438858.725,18.112
1113,4377887.705,438860.927,18.017
1114,4377887.904,438862.073,18.092
1115,4377887.904,438862.073,18.092
1116,4377887.681,438864.527,18.085
1117,4377887.323,438865.736,18.172
1118,4377887.183,438866.989,18.175
1119,4377887.151,438868.272,18.126
1120,4377887.357,438869.562,18.097
1121,4377887.470,438870.607,18.171
1122,4377887.759,438871.723,18.162
1123,4377888.017,438872.862,18.182
1124,4377888.312,438874.023,18.171
1125,4377888.062,438875.213,18.151
1126,4377887.469,438876.348,18.146
1127,4377886.859,438877.258,18.161
1128,4377886.605,438878.421,18.122
1129,4377886.385,438879.609,18.147
1130,4377886.451,438880.716,18.123
1131,4377886.525,438881.756,18.185
1132,4377886.836,438882.879,18.188
1133,4377887.294,438884.124,18.068
1134,4377887.567,438885.478,18.119
1135,4377887.535,438886.846,18.114
1136,4377887.449,438888.083,18.208
1137,4377887.286,438889.382,18.127
1138,4377887.025,438890.642,18.089
1139,4377886.979,438891.816,18.093
1140,4377886.885,438893.025,18.127
1141,4377886.908,438894.346,18.143
1142,4377886.821,438895.638,18.104
1143,4377886.759,438896.841,18.121
1144,4377886.613,438898.098,18.120
1145,4377886.383,438899.402,18.145
1146,4377886.242,438900.588,18.138
1147,4377885.981,438901.804,18.166
1148,4377885.872,438902.990,18.083
1149,4377885.950,438904.243,18.095
1150,4377885.901,438905.573,18.044
1151,4377885.767,438906.873,18.045
1152,4377885.814,438907.994,18.045
1153,4377886.085,438909.190,18.119
1154,4377886.054,438910.475,18.163
1155,4377885.802,438911.869,18.115
1156,4377885.683,438913.178,18.109
1157,4377885.552,438914.446,18.149
1158,4377885.318,438915.674,18.087
1159,4377885.204,438916.848,18.029
1160,4377885.186,438918.088,18.022
1161,4377885.124,438919.355,18.060
1162,4377884.946,438920.663,18.066
1163,4377884.902,438922.006,18.009
1164,4377884.967,438923.289,18.019
1165,4377884.967,438924.490,18.004
1166,4377884.752,438925.702,17.994
1167,4377884.632,438926.995,18.032
1168,4377884.427,438928.177,17.934
1169,4377884.208,438929.390,18.016
1170,4377884.287,438930.573,17.991
1171,4377884.333,438931.860,18.032
1172,4377884.346,438933.002,18.107
1173,4377883.960,438934.271,17.966
1174,4377883.444,438935.484,17.992
1175,4377883.106,438936.661,17.948
1176,4377883.099,438937.927,18.011
1177,4377882.923,438939.175,17.984
1178,4377882.722,438940.493,17.943
1179,4377882.416,438941.881,17.890
1180,4377882.179,438943.149,17.847
1181,4377881.896,438944.342,17.903
1182,4377881.677,438945.448,17.933
1183,4377881.558,438946.571,17.891
1184,4377881.355,438947.779,17.890
1185,4377881.040,438948.820,17.868
1186,4377880.570,438949.706,17.895
1187,4377880.202,438950.556,17.851
1188,4377879.822,438951.595,17.879
1189,4377879.520,438952.682,17.911
1190,4377879.181,438953.686,17.942
1191,4377878.897,438954.744,17.953
1192,4377878.490,438955.913,18.035
1193,4377878.157,438957.095,18.011
1194,4377877.894,438958.363,17.958
1195,4377877.614,438959.632,17.900
1196,4377877.358,438960.601,17.919
1197,4377877.290,438961.173,17.890
